{"chunk_definitions":[{"chunk_id":"csetup_chunk","chunk_label":"setup","document_id":"7B36BEB","expansion_state":0,"options":{"engine":"r","include":false,"label":"setup"},"row":13,"row_count":1,"visible":true},{"chunk_id":"ck354v28exybu","chunk_label":"unnamed-chunk-1","document_id":"7B36BEB","expansion_state":0,"options":{"engine":"r","label":"unnamed-chunk-3"},"row":81,"row_count":1,"visible":true},{"chunk_id":"ccn73rr0e4cve","chunk_label":"unnamed-chunk-2","document_id":"7B36BEB","expansion_state":0,"options":{"engine":"r","label":"unnamed-chunk-4"},"row":97,"row_count":1,"visible":true},{"chunk_id":"cwe7js5irhwar","chunk_label":"unnamed-chunk-4","document_id":"7B36BEB","expansion_state":0,"options":{"engine":"r","label":"unnamed-chunk-6"},"row":122,"row_count":1,"visible":true},{"chunk_id":"c089bygx5t4wf","chunk_label":"unnamed-chunk-5","document_id":"7B36BEB","expansion_state":0,"options":{"engine":"r","label":"unnamed-chunk-8"},"row":138,"row_count":1,"visible":true},{"chunk_id":"c4o2s1xswv9pc","chunk_label":"unnamed-chunk-9","document_id":"7B36BEB","expansion_state":0,"options":{"engine":"r","label":"unnamed-chunk-12"},"row":173,"row_count":1,"visible":true},{"chunk_id":"cvvswm11zjwka","chunk_label":"unnamed-chunk-10","document_id":"7B36BEB","expansion_state":0,"options":{"engine":"r","label":"unnamed-chunk-13"},"row":181,"row_count":1,"visible":true},{"chunk_id":"c984kvdxqjpf1","chunk_label":"unnamed-chunk-12","document_id":"7B36BEB","expansion_state":0,"options":{"engine":"r","label":"unnamed-chunk-18"},"row":212,"row_count":1,"visible":true},{"chunk_id":"cm7dqxh5vjdat","chunk_label":"unnamed-chunk-13","document_id":"7B36BEB","expansion_state":0,"options":{"engine":"r","label":"unnamed-chunk-17"},"row":230,"row_count":1,"visible":true},{"chunk_id":"cqtm4jt3gdjxo","chunk_label":"unnamed-chunk-14","document_id":"7B36BEB","expansion_state":0,"options":{"engine":"r","label":"unnamed-chunk-19"},"row":265,"row_count":1,"visible":true},{"chunk_id":"cwvhgqg0sio55","chunk_label":"unnamed-chunk-15","document_id":"7B36BEB","expansion_state":0,"options":{"engine":"r","label":"unnamed-chunk-20"},"row":277,"row_count":1,"visible":true},{"chunk_id":"chxn161tsqbgg","chunk_label":"unnamed-chunk-16","document_id":"7B36BEB","expansion_state":0,"options":{"engine":"r","label":"unnamed-chunk-21"},"row":292,"row_count":1,"visible":true},{"chunk_id":"c4051tvxq4sg7","chunk_label":"unnamed-chunk-17","document_id":"7B36BEB","expansion_state":0,"options":{"engine":"r","label":"unnamed-chunk-22"},"row":331,"row_count":1,"visible":true},{"chunk_id":"c0vfnvxek1zej","chunk_label":"unnamed-chunk-18","document_id":"7B36BEB","expansion_state":0,"options":{"engine":"r","label":"unnamed-chunk-23"},"row":344,"row_count":1,"visible":true},{"chunk_id":"c5jei9lmwmkc9","chunk_label":"unnamed-chunk-19","document_id":"7B36BEB","expansion_state":0,"options":{"engine":"r","label":"unnamed-chunk-24"},"row":357,"row_count":1,"visible":true},{"chunk_id":"czcv7gqm4vhx0","chunk_label":"unnamed-chunk-20","document_id":"7B36BEB","expansion_state":0,"options":{"engine":"r","label":"unnamed-chunk-25"},"row":377,"row_count":1,"visible":true},{"chunk_id":"c9nzdm9gaeduq","chunk_label":"unnamed-chunk-21","document_id":"7B36BEB","expansion_state":0,"options":{"engine":"r","label":"unnamed-chunk-26"},"row":387,"row_count":1,"visible":true},{"chunk_id":"c0ejolxz3926x","chunk_label":"unnamed-chunk-22","document_id":"7B36BEB","expansion_state":0,"options":{"engine":"r","label":"unnamed-chunk-27"},"row":396,"row_count":1,"visible":true},{"chunk_id":"cqhf7gwflyidl","chunk_label":"unnamed-chunk-23","document_id":"7B36BEB","expansion_state":0,"options":{"engine":"r","label":"unnamed-chunk-28"},"row":421,"row_count":1,"visible":true},{"chunk_id":"cpizqlwma46f3","chunk_label":"unnamed-chunk-24","document_id":"7B36BEB","expansion_state":0,"options":{"engine":"r","label":"unnamed-chunk-29"},"row":431,"row_count":1,"visible":true}],"default_chunk_options":{"echo":true,"message":false,"paged.print":true,"warning":false},"doc_write_time":1570219122,"working_dir":null}